<?xml version="1.0" encoding="UTF-8"?><DOCUMENT VERSION="2.00" OBJECT_TYPE="non-inventory project"><DESCRIPT_DATA version="10.1.1.TItalia.Sparkle.Wave1.CD1.SP5" customer="0" host="devapp689cn.netcracker.com" port="6335" user="sysadm"><CONTENT type="non-inventory project" id="9150296429613324644" name="KPI Reports" isRelated="false"></CONTENT></DESCRIPT_DATA><NC_OBJECTS><ROW><OBJECT_ID>9150296429613324644</OBJECT_ID><PARENT_ID>1050</PARENT_ID><OBJECT_TYPE_ID>9150296429613324621</OBJECT_TYPE_ID><OBJECT_CLASS_ID>90000660</OBJECT_CLASS_ID><PROJECT_ID>9150296429613324644</PROJECT_ID><PICTURE_ID></PICTURE_ID><NAME>KPI Reports</NAME><DESCRIPTION></DESCRIPTION><ATTR_SCHEMA_ID>1</ATTR_SCHEMA_ID><ORDER_NUMBER>436</ORDER_NUMBER><SOURCE_OBJECT_ID></SOURCE_OBJECT_ID><VERSION>4</VERSION></ROW><ROW><OBJECT_ID>9150296429613324645</OBJECT_ID><PARENT_ID></PARENT_ID><OBJECT_TYPE_ID>9150296429613324621</OBJECT_TYPE_ID><OBJECT_CLASS_ID>300</OBJECT_CLASS_ID><PROJECT_ID>9150296429613324644</PROJECT_ID><PICTURE_ID>15554000</PICTURE_ID><NAME>Top</NAME><DESCRIPTION>Top site for project New KPI Reports</DESCRIPTION><ATTR_SCHEMA_ID></ATTR_SCHEMA_ID><ORDER_NUMBER>0</ORDER_NUMBER><SOURCE_OBJECT_ID></SOURCE_OBJECT_ID><VERSION>2</VERSION></ROW></NC_OBJECTS><NC_CONNECTION_DATA></NC_CONNECTION_DATA><NC_META_REFERENCES></NC_META_REFERENCES><NC_PARAMS><ROW><ATTR_ID>61</ATTR_ID><OBJECT_ID>9150296429613324644</OBJECT_ID><ATTR_ACCESS_TYPE>0</ATTR_ACCESS_TYPE><VALUE>sysadm</VALUE><DATA></DATA><LIST_VALUE_ID></LIST_VALUE_ID><SHOW_ORDER>1</SHOW_ORDER><DATE_VALUE></DATE_VALUE><PRIORITY>1</PRIORITY></ROW><ROW><ATTR_ID>62</ATTR_ID><OBJECT_ID>9150296429613324644</OBJECT_ID><ATTR_ACCESS_TYPE>0</ATTR_ACCESS_TYPE><VALUE></VALUE><DATA></DATA><LIST_VALUE_ID></LIST_VALUE_ID><SHOW_ORDER>1</SHOW_ORDER><DATE_VALUE>2018-03-03 04:01:05.0</DATE_VALUE><PRIORITY>1</PRIORITY></ROW><ROW><ATTR_ID>63</ATTR_ID><OBJECT_ID>9150296429613324644</OBJECT_ID><ATTR_ACCESS_TYPE>0</ATTR_ACCESS_TYPE><VALUE>sysadm</VALUE><DATA></DATA><LIST_VALUE_ID></LIST_VALUE_ID><SHOW_ORDER>1</SHOW_ORDER><DATE_VALUE></DATE_VALUE><PRIORITY>1</PRIORITY></ROW><ROW><ATTR_ID>64</ATTR_ID><OBJECT_ID>9150296429613324644</OBJECT_ID><ATTR_ACCESS_TYPE>0</ATTR_ACCESS_TYPE><VALUE></VALUE><DATA></DATA><LIST_VALUE_ID></LIST_VALUE_ID><SHOW_ORDER>1</SHOW_ORDER><DATE_VALUE>2018-05-23 06:54:05.0</DATE_VALUE><PRIORITY>1</PRIORITY></ROW><ROW><ATTR_ID>5052753262013996608</ATTR_ID><OBJECT_ID>9150296429613324644</OBJECT_ID><ATTR_ACCESS_TYPE>0</ATTR_ACCESS_TYPE><VALUE>1</VALUE><DATA></DATA><LIST_VALUE_ID></LIST_VALUE_ID><SHOW_ORDER>1</SHOW_ORDER><DATE_VALUE></DATE_VALUE><PRIORITY>1</PRIORITY></ROW><ROW><ATTR_ID>6072556040013963188</ATTR_ID><OBJECT_ID>9150296429613324644</OBJECT_ID><ATTR_ACCESS_TYPE>0</ATTR_ACCESS_TYPE><VALUE>1</VALUE><DATA></DATA><LIST_VALUE_ID></LIST_VALUE_ID><SHOW_ORDER>1</SHOW_ORDER><DATE_VALUE></DATE_VALUE><PRIORITY>1</PRIORITY></ROW><ROW><ATTR_ID>61</ATTR_ID><OBJECT_ID>9150296429613324645</OBJECT_ID><ATTR_ACCESS_TYPE>0</ATTR_ACCESS_TYPE><VALUE>sysadm</VALUE><DATA></DATA><LIST_VALUE_ID></LIST_VALUE_ID><SHOW_ORDER>1</SHOW_ORDER><DATE_VALUE></DATE_VALUE><PRIORITY>1</PRIORITY></ROW><ROW><ATTR_ID>62</ATTR_ID><OBJECT_ID>9150296429613324645</OBJECT_ID><ATTR_ACCESS_TYPE>0</ATTR_ACCESS_TYPE><VALUE></VALUE><DATA></DATA><LIST_VALUE_ID></LIST_VALUE_ID><SHOW_ORDER>1</SHOW_ORDER><DATE_VALUE>2018-03-03 04:01:05.0</DATE_VALUE><PRIORITY>1</PRIORITY></ROW><ROW><ATTR_ID>63</ATTR_ID><OBJECT_ID>9150296429613324645</OBJECT_ID><ATTR_ACCESS_TYPE>0</ATTR_ACCESS_TYPE><VALUE>sysadm</VALUE><DATA></DATA><LIST_VALUE_ID></LIST_VALUE_ID><SHOW_ORDER>1</SHOW_ORDER><DATE_VALUE></DATE_VALUE><PRIORITY>1</PRIORITY></ROW><ROW><ATTR_ID>64</ATTR_ID><OBJECT_ID>9150296429613324645</OBJECT_ID><ATTR_ACCESS_TYPE>0</ATTR_ACCESS_TYPE><VALUE></VALUE><DATA></DATA><LIST_VALUE_ID></LIST_VALUE_ID><SHOW_ORDER>1</SHOW_ORDER><DATE_VALUE>2018-03-03 04:01:05.0</DATE_VALUE><PRIORITY>1</PRIORITY></ROW><ROW><ATTR_ID>10097</ATTR_ID><OBJECT_ID>9150296429613324645</OBJECT_ID><ATTR_ACCESS_TYPE>0</ATTR_ACCESS_TYPE><VALUE>1</VALUE><DATA></DATA><LIST_VALUE_ID></LIST_VALUE_ID><SHOW_ORDER>1</SHOW_ORDER><DATE_VALUE></DATE_VALUE><PRIORITY>1</PRIORITY></ROW><ROW><ATTR_ID>6072556040013963188</ATTR_ID><OBJECT_ID>9150296429613324645</OBJECT_ID><ATTR_ACCESS_TYPE>0</ATTR_ACCESS_TYPE><VALUE>1</VALUE><DATA></DATA><LIST_VALUE_ID></LIST_VALUE_ID><SHOW_ORDER>1</SHOW_ORDER><DATE_VALUE></DATE_VALUE><PRIORITY>1</PRIORITY></ROW><ROW><ATTR_ID>6073138670013275767</ATTR_ID><OBJECT_ID>9150296429613324645</OBJECT_ID><ATTR_ACCESS_TYPE>0</ATTR_ACCESS_TYPE><VALUE>0</VALUE><DATA></DATA><LIST_VALUE_ID></LIST_VALUE_ID><SHOW_ORDER>1</SHOW_ORDER><DATE_VALUE></DATE_VALUE><PRIORITY>0</PRIORITY></ROW><ROW><ATTR_ID>6073138670013275769</ATTR_ID><OBJECT_ID>9150296429613324645</OBJECT_ID><ATTR_ACCESS_TYPE>0</ATTR_ACCESS_TYPE><VALUE>0</VALUE><DATA></DATA><LIST_VALUE_ID></LIST_VALUE_ID><SHOW_ORDER>1</SHOW_ORDER><DATE_VALUE></DATE_VALUE><PRIORITY>0</PRIORITY></ROW><ROW><ATTR_ID>6073138670013275770</ATTR_ID><OBJECT_ID>9150296429613324645</OBJECT_ID><ATTR_ACCESS_TYPE>0</ATTR_ACCESS_TYPE><VALUE>10</VALUE><DATA></DATA><LIST_VALUE_ID></LIST_VALUE_ID><SHOW_ORDER>1</SHOW_ORDER><DATE_VALUE></DATE_VALUE><PRIORITY>0</PRIORITY></ROW><ROW><ATTR_ID>6073138670013275771</ATTR_ID><OBJECT_ID>9150296429613324645</OBJECT_ID><ATTR_ACCESS_TYPE>0</ATTR_ACCESS_TYPE><VALUE>10</VALUE><DATA></DATA><LIST_VALUE_ID></LIST_VALUE_ID><SHOW_ORDER>1</SHOW_ORDER><DATE_VALUE></DATE_VALUE><PRIORITY>0</PRIORITY></ROW><ROW><ATTR_ID>6073138670013275772</ATTR_ID><OBJECT_ID>9150296429613324645</OBJECT_ID><ATTR_ACCESS_TYPE>0</ATTR_ACCESS_TYPE><VALUE>lines</VALUE><DATA></DATA><LIST_VALUE_ID></LIST_VALUE_ID><SHOW_ORDER>1</SHOW_ORDER><DATE_VALUE></DATE_VALUE><PRIORITY>0</PRIORITY></ROW></NC_PARAMS><NC_SUB_CONNECTORS></NC_SUB_CONNECTORS><NC_OBJECT_TYPES><ROW><OBJECT_TYPE_ID>0</OBJECT_TYPE_ID><PARENT_ID></PARENT_ID><PICTURE_ID></PICTURE_ID><NAME>All</NAME><DESCRIPTION>Root Object type for users and groups</DESCRIPTION><ISCLASS>1</ISCLASS><ISSYSTEM>1</ISSYSTEM><ISSEARCHABLE>1</ISSEARCHABLE><ICON_ID>8100261542013912503</ICON_ID><ALIAS></ALIAS><FLAGS>0</FLAGS><PROPERTIES>defaulturl=/common/uobject.jsp?object=$object$^ref_expl_module=729</PROPERTIES><ISABSTRACT></ISABSTRACT><INTERNAL_NAME>All</INTERNAL_NAME></ROW><ROW><OBJECT_TYPE_ID>7</OBJECT_TYPE_ID><PARENT_ID>0</PARENT_ID><PICTURE_ID></PICTURE_ID><NAME>Project</NAME><DESCRIPTION>Types of Projects</DESCRIPTION><ISCLASS>1</ISCLASS><ISSYSTEM>1</ISSYSTEM><ISSEARCHABLE>1</ISSEARCHABLE><ICON_ID></ICON_ID><ALIAS>Project</ALIAS><FLAGS>0</FLAGS><PROPERTIES>EI_DESCRIPTOR=project_export.xml^defaulturl=/common/uobject.jsp?object=$object$^</PROPERTIES><ISABSTRACT></ISABSTRACT><INTERNAL_NAME></INTERNAL_NAME></ROW><ROW><OBJECT_TYPE_ID>173</OBJECT_TYPE_ID><PARENT_ID>0</PARENT_ID><PICTURE_ID></PICTURE_ID><NAME>Container</NAME><DESCRIPTION>Parent Container for Devices, Sites and Conduits</DESCRIPTION><ISCLASS>1</ISCLASS><ISSYSTEM>1</ISSYSTEM><ISSEARCHABLE>1</ISSEARCHABLE><ICON_ID></ICON_ID><ALIAS></ALIAS><FLAGS>0</FLAGS><PROPERTIES>defaulturl=/inventory/xsite.jsp?object=$object$</PROPERTIES><ISABSTRACT></ISABSTRACT><INTERNAL_NAME></INTERNAL_NAME></ROW><ROW><OBJECT_TYPE_ID>300</OBJECT_TYPE_ID><PARENT_ID>173</PARENT_ID><PICTURE_ID>15554000</PICTURE_ID><NAME>Site</NAME><DESCRIPTION>Site types and site type parameters holder</DESCRIPTION><ISCLASS>1</ISCLASS><ISSYSTEM>1</ISSYSTEM><ISSEARCHABLE>1</ISSEARCHABLE><ICON_ID>8092964404013909202</ICON_ID><ALIAS>Site</ALIAS><FLAGS>0</FLAGS><PROPERTIES>LP_Incremental=IncrementalLayoutByName^LP_User=LayoutByName,LayoutByType,Hierarchical,ForceDirected^ProjectID=3011969224013289954^SiteID=3090328264013799267^associated_circuits_attr_id=6121467146013361974^default_tab=sites_and_devices^mask=^defaulturl=/common/uobject.jsp?object=$object$^pathItemMaker=com.netcracker.jsp.path.ItemsMakerSite^</PROPERTIES><ISABSTRACT></ISABSTRACT><INTERNAL_NAME></INTERNAL_NAME></ROW><ROW><OBJECT_TYPE_ID>90000660</OBJECT_TYPE_ID><PARENT_ID>7</PARENT_ID><PICTURE_ID></PICTURE_ID><NAME>Document Project</NAME><DESCRIPTION>Document Project</DESCRIPTION><ISCLASS>1</ISCLASS><ISSYSTEM>1</ISSYSTEM><ISSEARCHABLE>1</ISSEARCHABLE><ICON_ID></ICON_ID><ALIAS>Project</ALIAS><FLAGS>0</FLAGS><PROPERTIES>EI_DESCRIPTOR=project_export.xml^rootschema=1</PROPERTIES><ISABSTRACT></ISABSTRACT><INTERNAL_NAME></INTERNAL_NAME></ROW><ROW><OBJECT_TYPE_ID>9150296429613324621</OBJECT_TYPE_ID><PARENT_ID>90000660</PARENT_ID><PICTURE_ID></PICTURE_ID><NAME>KPI Reports</NAME><DESCRIPTION></DESCRIPTION><ISCLASS></ISCLASS><ISSYSTEM></ISSYSTEM><ISSEARCHABLE>1</ISSEARCHABLE><ICON_ID></ICON_ID><ALIAS>KPI Reports</ALIAS><FLAGS>0</FLAGS><PROPERTIES></PROPERTIES><ISABSTRACT></ISABSTRACT><INTERNAL_NAME></INTERNAL_NAME></ROW></NC_OBJECT_TYPES><NC_GRANTS><ROW><OBJECT_ID>0</OBJECT_ID><ATTR_ID></ATTR_ID><USER_ID>9149901461013451002</USER_ID><GRANTS>23125</GRANTS><ISINHERITABLE></ISINHERITABLE></ROW><ROW><OBJECT_ID>0</OBJECT_ID><ATTR_ID></ATTR_ID><USER_ID>9149890531813438747</USER_ID><GRANTS>23125</GRANTS><ISINHERITABLE></ISINHERITABLE></ROW><ROW><OBJECT_ID>0</OBJECT_ID><ATTR_ID></ATTR_ID><USER_ID>9149486655013455693</USER_ID><GRANTS>43685</GRANTS><ISINHERITABLE></ISINHERITABLE></ROW><ROW><OBJECT_ID>0</OBJECT_ID><ATTR_ID></ATTR_ID><USER_ID>9148465820713505267</USER_ID><GRANTS>43685</GRANTS><ISINHERITABLE></ISINHERITABLE></ROW><ROW><OBJECT_ID>0</OBJECT_ID><ATTR_ID></ATTR_ID><USER_ID>9147852350813367753</USER_ID><GRANTS>43685</GRANTS><ISINHERITABLE></ISINHERITABLE></ROW><ROW><OBJECT_ID>0</OBJECT_ID><ATTR_ID></ATTR_ID><USER_ID>9147852350813367750</USER_ID><GRANTS>23125</GRANTS><ISINHERITABLE></ISINHERITABLE></ROW><ROW><OBJECT_ID>0</OBJECT_ID><ATTR_ID></ATTR_ID><USER_ID>9147852255713367744</USER_ID><GRANTS>23125</GRANTS><ISINHERITABLE></ISINHERITABLE></ROW><ROW><OBJECT_ID>0</OBJECT_ID><ATTR_ID></ATTR_ID><USER_ID>9147852255713367741</USER_ID><GRANTS>23125</GRANTS><ISINHERITABLE></ISINHERITABLE></ROW><ROW><OBJECT_ID>0</OBJECT_ID><ATTR_ID></ATTR_ID><USER_ID>9147852255713367728</USER_ID><GRANTS>23125</GRANTS><ISINHERITABLE></ISINHERITABLE></ROW><ROW><OBJECT_ID>0</OBJECT_ID><ATTR_ID></ATTR_ID><USER_ID>9147852255713367704</USER_ID><GRANTS>23125</GRANTS><ISINHERITABLE></ISINHERITABLE></ROW><ROW><OBJECT_ID>0</OBJECT_ID><ATTR_ID></ATTR_ID><USER_ID>9147852255713367667</USER_ID><GRANTS>2565</GRANTS><ISINHERITABLE></ISINHERITABLE></ROW><ROW><OBJECT_ID>0</OBJECT_ID><ATTR_ID></ATTR_ID><USER_ID>9147852255713367664</USER_ID><GRANTS>43685</GRANTS><ISINHERITABLE></ISINHERITABLE></ROW><ROW><OBJECT_ID>0</OBJECT_ID><ATTR_ID></ATTR_ID><USER_ID>9147852255713367661</USER_ID><GRANTS>43685</GRANTS><ISINHERITABLE></ISINHERITABLE></ROW><ROW><OBJECT_ID>7</OBJECT_ID><ATTR_ID></ATTR_ID><USER_ID>7021328724013885308</USER_ID><GRANTS>5</GRANTS><ISINHERITABLE></ISINHERITABLE></ROW><ROW><OBJECT_ID>0</OBJECT_ID><ATTR_ID></ATTR_ID><USER_ID>9130789250013893088</USER_ID><GRANTS>16389</GRANTS><ISINHERITABLE></ISINHERITABLE></ROW><ROW><OBJECT_ID>0</OBJECT_ID><ATTR_ID></ATTR_ID><USER_ID>9112520182013856387</USER_ID><GRANTS>256</GRANTS><ISINHERITABLE></ISINHERITABLE></ROW><ROW><OBJECT_ID>0</OBJECT_ID><ATTR_ID></ATTR_ID><USER_ID>7021328724013885308</USER_ID><GRANTS>5</GRANTS><ISINHERITABLE></ISINHERITABLE></ROW><ROW><OBJECT_ID>0</OBJECT_ID><ATTR_ID></ATTR_ID><USER_ID>3060923132013761416</USER_ID><GRANTS>20565</GRANTS><ISINHERITABLE></ISINHERITABLE></ROW><ROW><OBJECT_ID>0</OBJECT_ID><ATTR_ID></ATTR_ID><USER_ID>3060923132013761417</USER_ID><GRANTS>85</GRANTS><ISINHERITABLE></ISINHERITABLE></ROW><ROW><OBJECT_ID>0</OBJECT_ID><ATTR_ID></ATTR_ID><USER_ID>2110473017013551331</USER_ID><GRANTS>23125</GRANTS><ISINHERITABLE></ISINHERITABLE></ROW><ROW><OBJECT_ID>0</OBJECT_ID><ATTR_ID></ATTR_ID><USER_ID>2103164816013548114</USER_ID><GRANTS>85</GRANTS><ISINHERITABLE></ISINHERITABLE></ROW><ROW><OBJECT_ID>0</OBJECT_ID><ATTR_ID></ATTR_ID><USER_ID>112</USER_ID><GRANTS>20485</GRANTS><ISINHERITABLE></ISINHERITABLE></ROW><ROW><OBJECT_ID>0</OBJECT_ID><ATTR_ID></ATTR_ID><USER_ID>111</USER_ID><GRANTS>1365</GRANTS><ISINHERITABLE></ISINHERITABLE></ROW><ROW><OBJECT_ID>0</OBJECT_ID><ATTR_ID></ATTR_ID><USER_ID>100</USER_ID><GRANTS>1365</GRANTS><ISINHERITABLE></ISINHERITABLE></ROW><ROW><OBJECT_ID>0</OBJECT_ID><ATTR_ID></ATTR_ID><USER_ID>3051453277013733918</USER_ID><GRANTS>5</GRANTS><ISINHERITABLE></ISINHERITABLE></ROW><ROW><OBJECT_ID>0</OBJECT_ID><ATTR_ID></ATTR_ID><USER_ID>2103164816013548166</USER_ID><GRANTS>1365</GRANTS><ISINHERITABLE></ISINHERITABLE></ROW><ROW><OBJECT_ID>7</OBJECT_ID><ATTR_ID></ATTR_ID><USER_ID>9112520182013856387</USER_ID><GRANTS>256</GRANTS><ISINHERITABLE></ISINHERITABLE></ROW><ROW><OBJECT_ID>0</OBJECT_ID><ATTR_ID></ATTR_ID><USER_ID>101</USER_ID><GRANTS>5</GRANTS><ISINHERITABLE></ISINHERITABLE></ROW><ROW><OBJECT_ID>7</OBJECT_ID><ATTR_ID></ATTR_ID><USER_ID>3060923132013761416</USER_ID><GRANTS>20565</GRANTS><ISINHERITABLE></ISINHERITABLE></ROW><ROW><OBJECT_ID>7</OBJECT_ID><ATTR_ID></ATTR_ID><USER_ID>2110473017013551331</USER_ID><GRANTS>23125</GRANTS><ISINHERITABLE></ISINHERITABLE></ROW><ROW><OBJECT_ID>7</OBJECT_ID><ATTR_ID></ATTR_ID><USER_ID>101</USER_ID><GRANTS>5</GRANTS><ISINHERITABLE></ISINHERITABLE></ROW><ROW><OBJECT_ID>7</OBJECT_ID><ATTR_ID></ATTR_ID><USER_ID>100</USER_ID><GRANTS>1365</GRANTS><ISINHERITABLE></ISINHERITABLE></ROW><ROW><OBJECT_ID>7</OBJECT_ID><ATTR_ID></ATTR_ID><USER_ID>3060923132013761417</USER_ID><GRANTS>85</GRANTS><ISINHERITABLE></ISINHERITABLE></ROW><ROW><OBJECT_ID>7</OBJECT_ID><ATTR_ID></ATTR_ID><USER_ID>2103164816013548114</USER_ID><GRANTS>85</GRANTS><ISINHERITABLE></ISINHERITABLE></ROW><ROW><OBJECT_ID>7</OBJECT_ID><ATTR_ID></ATTR_ID><USER_ID>112</USER_ID><GRANTS>20485</GRANTS><ISINHERITABLE></ISINHERITABLE></ROW><ROW><OBJECT_ID>7</OBJECT_ID><ATTR_ID></ATTR_ID><USER_ID>111</USER_ID><GRANTS>1365</GRANTS><ISINHERITABLE></ISINHERITABLE></ROW><ROW><OBJECT_ID>7</OBJECT_ID><ATTR_ID></ATTR_ID><USER_ID>2103164816013548166</USER_ID><GRANTS>1365</GRANTS><ISINHERITABLE></ISINHERITABLE></ROW><ROW><OBJECT_ID>173</OBJECT_ID><ATTR_ID></ATTR_ID><USER_ID>9149901461013451002</USER_ID><GRANTS>23125</GRANTS><ISINHERITABLE></ISINHERITABLE></ROW><ROW><OBJECT_ID>173</OBJECT_ID><ATTR_ID></ATTR_ID><USER_ID>9149890531813438747</USER_ID><GRANTS>23125</GRANTS><ISINHERITABLE></ISINHERITABLE></ROW><ROW><OBJECT_ID>173</OBJECT_ID><ATTR_ID></ATTR_ID><USER_ID>9149486655013455693</USER_ID><GRANTS>43685</GRANTS><ISINHERITABLE></ISINHERITABLE></ROW><ROW><OBJECT_ID>173</OBJECT_ID><ATTR_ID></ATTR_ID><USER_ID>9148465820713505267</USER_ID><GRANTS>43685</GRANTS><ISINHERITABLE></ISINHERITABLE></ROW><ROW><OBJECT_ID>173</OBJECT_ID><ATTR_ID></ATTR_ID><USER_ID>9147852350813367753</USER_ID><GRANTS>43685</GRANTS><ISINHERITABLE></ISINHERITABLE></ROW><ROW><OBJECT_ID>173</OBJECT_ID><ATTR_ID></ATTR_ID><USER_ID>9147852350813367750</USER_ID><GRANTS>23125</GRANTS><ISINHERITABLE></ISINHERITABLE></ROW><ROW><OBJECT_ID>173</OBJECT_ID><ATTR_ID></ATTR_ID><USER_ID>9147852255713367744</USER_ID><GRANTS>23125</GRANTS><ISINHERITABLE></ISINHERITABLE></ROW><ROW><OBJECT_ID>173</OBJECT_ID><ATTR_ID></ATTR_ID><USER_ID>9147852255713367741</USER_ID><GRANTS>23125</GRANTS><ISINHERITABLE></ISINHERITABLE></ROW><ROW><OBJECT_ID>173</OBJECT_ID><ATTR_ID></ATTR_ID><USER_ID>9147852255713367728</USER_ID><GRANTS>23125</GRANTS><ISINHERITABLE></ISINHERITABLE></ROW><ROW><OBJECT_ID>173</OBJECT_ID><ATTR_ID></ATTR_ID><USER_ID>9147852255713367704</USER_ID><GRANTS>23125</GRANTS><ISINHERITABLE></ISINHERITABLE></ROW><ROW><OBJECT_ID>173</OBJECT_ID><ATTR_ID></ATTR_ID><USER_ID>9147852255713367667</USER_ID><GRANTS>2565</GRANTS><ISINHERITABLE></ISINHERITABLE></ROW><ROW><OBJECT_ID>173</OBJECT_ID><ATTR_ID></ATTR_ID><USER_ID>9147852255713367664</USER_ID><GRANTS>43685</GRANTS><ISINHERITABLE></ISINHERITABLE></ROW><ROW><OBJECT_ID>173</OBJECT_ID><ATTR_ID></ATTR_ID><USER_ID>9147852255713367661</USER_ID><GRANTS>43685</GRANTS><ISINHERITABLE></ISINHERITABLE></ROW><ROW><OBJECT_ID>173</OBJECT_ID><ATTR_ID></ATTR_ID><USER_ID>9112520182013856387</USER_ID><GRANTS>256</GRANTS><ISINHERITABLE></ISINHERITABLE></ROW><ROW><OBJECT_ID>173</OBJECT_ID><ATTR_ID></ATTR_ID><USER_ID>7021328724013885308</USER_ID><GRANTS>5</GRANTS><ISINHERITABLE></ISINHERITABLE></ROW><ROW><OBJECT_ID>173</OBJECT_ID><ATTR_ID></ATTR_ID><USER_ID>3060923132013761417</USER_ID><GRANTS>20565</GRANTS><ISINHERITABLE></ISINHERITABLE></ROW><ROW><OBJECT_ID>173</OBJECT_ID><ATTR_ID></ATTR_ID><USER_ID>3060923132013761416</USER_ID><GRANTS>20565</GRANTS><ISINHERITABLE></ISINHERITABLE></ROW><ROW><OBJECT_ID>173</OBJECT_ID><ATTR_ID></ATTR_ID><USER_ID>2110473017013551331</USER_ID><GRANTS>23125</GRANTS><ISINHERITABLE></ISINHERITABLE></ROW><ROW><OBJECT_ID>173</OBJECT_ID><ATTR_ID></ATTR_ID><USER_ID>2103164816013548166</USER_ID><GRANTS>1365</GRANTS><ISINHERITABLE></ISINHERITABLE></ROW><ROW><OBJECT_ID>173</OBJECT_ID><ATTR_ID></ATTR_ID><USER_ID>2103164816013548114</USER_ID><GRANTS>85</GRANTS><ISINHERITABLE></ISINHERITABLE></ROW><ROW><OBJECT_ID>173</OBJECT_ID><ATTR_ID></ATTR_ID><USER_ID>112</USER_ID><GRANTS>20485</GRANTS><ISINHERITABLE></ISINHERITABLE></ROW><ROW><OBJECT_ID>173</OBJECT_ID><ATTR_ID></ATTR_ID><USER_ID>111</USER_ID><GRANTS>21845</GRANTS><ISINHERITABLE></ISINHERITABLE></ROW><ROW><OBJECT_ID>173</OBJECT_ID><ATTR_ID></ATTR_ID><USER_ID>101</USER_ID><GRANTS>5</GRANTS><ISINHERITABLE></ISINHERITABLE></ROW><ROW><OBJECT_ID>173</OBJECT_ID><ATTR_ID></ATTR_ID><USER_ID>100</USER_ID><GRANTS>21845</GRANTS><ISINHERITABLE></ISINHERITABLE></ROW><ROW><OBJECT_ID>300</OBJECT_ID><ATTR_ID></ATTR_ID><USER_ID>9148465820713505267</USER_ID><GRANTS>43685</GRANTS><ISINHERITABLE></ISINHERITABLE></ROW><ROW><OBJECT_ID>300</OBJECT_ID><ATTR_ID></ATTR_ID><USER_ID>9147852255713367744</USER_ID><GRANTS>23125</GRANTS><ISINHERITABLE></ISINHERITABLE></ROW><ROW><OBJECT_ID>300</OBJECT_ID><ATTR_ID></ATTR_ID><USER_ID>9149901461013451002</USER_ID><GRANTS>23125</GRANTS><ISINHERITABLE></ISINHERITABLE></ROW><ROW><OBJECT_ID>300</OBJECT_ID><ATTR_ID></ATTR_ID><USER_ID>9149890531813438747</USER_ID><GRANTS>23125</GRANTS><ISINHERITABLE></ISINHERITABLE></ROW><ROW><OBJECT_ID>300</OBJECT_ID><ATTR_ID></ATTR_ID><USER_ID>9149486655013455693</USER_ID><GRANTS>43685</GRANTS><ISINHERITABLE></ISINHERITABLE></ROW><ROW><OBJECT_ID>300</OBJECT_ID><ATTR_ID></ATTR_ID><USER_ID>9147852350813367753</USER_ID><GRANTS>43685</GRANTS><ISINHERITABLE></ISINHERITABLE></ROW><ROW><OBJECT_ID>300</OBJECT_ID><ATTR_ID></ATTR_ID><USER_ID>9147852350813367750</USER_ID><GRANTS>23125</GRANTS><ISINHERITABLE></ISINHERITABLE></ROW><ROW><OBJECT_ID>300</OBJECT_ID><ATTR_ID></ATTR_ID><USER_ID>9147852255713367741</USER_ID><GRANTS>23125</GRANTS><ISINHERITABLE></ISINHERITABLE></ROW><ROW><OBJECT_ID>300</OBJECT_ID><ATTR_ID></ATTR_ID><USER_ID>9147852255713367728</USER_ID><GRANTS>23125</GRANTS><ISINHERITABLE></ISINHERITABLE></ROW><ROW><OBJECT_ID>300</OBJECT_ID><ATTR_ID></ATTR_ID><USER_ID>9147852255713367704</USER_ID><GRANTS>23125</GRANTS><ISINHERITABLE></ISINHERITABLE></ROW><ROW><OBJECT_ID>300</OBJECT_ID><ATTR_ID></ATTR_ID><USER_ID>9147852255713367667</USER_ID><GRANTS>2565</GRANTS><ISINHERITABLE></ISINHERITABLE></ROW><ROW><OBJECT_ID>300</OBJECT_ID><ATTR_ID></ATTR_ID><USER_ID>9147852255713367664</USER_ID><GRANTS>43685</GRANTS><ISINHERITABLE></ISINHERITABLE></ROW><ROW><OBJECT_ID>300</OBJECT_ID><ATTR_ID></ATTR_ID><USER_ID>9147852255713367661</USER_ID><GRANTS>43685</GRANTS><ISINHERITABLE></ISINHERITABLE></ROW><ROW><OBJECT_ID>300</OBJECT_ID><ATTR_ID></ATTR_ID><USER_ID>9112520182013856387</USER_ID><GRANTS>256</GRANTS><ISINHERITABLE></ISINHERITABLE></ROW><ROW><OBJECT_ID>300</OBJECT_ID><ATTR_ID></ATTR_ID><USER_ID>7021328724013885308</USER_ID><GRANTS>5</GRANTS><ISINHERITABLE></ISINHERITABLE></ROW><ROW><OBJECT_ID>300</OBJECT_ID><ATTR_ID></ATTR_ID><USER_ID>3061033244013763510</USER_ID><GRANTS>23125</GRANTS><ISINHERITABLE></ISINHERITABLE></ROW><ROW><OBJECT_ID>300</OBJECT_ID><ATTR_ID></ATTR_ID><USER_ID>3061015160013762612</USER_ID><GRANTS>1073763669</GRANTS><ISINHERITABLE></ISINHERITABLE></ROW><ROW><OBJECT_ID>300</OBJECT_ID><ATTR_ID></ATTR_ID><USER_ID>3060923132013761417</USER_ID><GRANTS>20565</GRANTS><ISINHERITABLE></ISINHERITABLE></ROW><ROW><OBJECT_ID>300</OBJECT_ID><ATTR_ID></ATTR_ID><USER_ID>3060923132013761416</USER_ID><GRANTS>20565</GRANTS><ISINHERITABLE></ISINHERITABLE></ROW><ROW><OBJECT_ID>300</OBJECT_ID><ATTR_ID></ATTR_ID><USER_ID>2110473017013551331</USER_ID><GRANTS>23125</GRANTS><ISINHERITABLE></ISINHERITABLE></ROW><ROW><OBJECT_ID>300</OBJECT_ID><ATTR_ID></ATTR_ID><USER_ID>2103164816013548166</USER_ID><GRANTS>1365</GRANTS><ISINHERITABLE></ISINHERITABLE></ROW><ROW><OBJECT_ID>300</OBJECT_ID><ATTR_ID></ATTR_ID><USER_ID>2103164816013548114</USER_ID><GRANTS>85</GRANTS><ISINHERITABLE></ISINHERITABLE></ROW><ROW><OBJECT_ID>300</OBJECT_ID><ATTR_ID></ATTR_ID><USER_ID>112</USER_ID><GRANTS>20485</GRANTS><ISINHERITABLE></ISINHERITABLE></ROW><ROW><OBJECT_ID>300</OBJECT_ID><ATTR_ID></ATTR_ID><USER_ID>111</USER_ID><GRANTS>21845</GRANTS><ISINHERITABLE></ISINHERITABLE></ROW><ROW><OBJECT_ID>300</OBJECT_ID><ATTR_ID></ATTR_ID><USER_ID>101</USER_ID><GRANTS>5</GRANTS><ISINHERITABLE></ISINHERITABLE></ROW><ROW><OBJECT_ID>300</OBJECT_ID><ATTR_ID></ATTR_ID><USER_ID>100</USER_ID><GRANTS>21845</GRANTS><ISINHERITABLE></ISINHERITABLE></ROW><ROW><OBJECT_ID>90000660</OBJECT_ID><ATTR_ID></ATTR_ID><USER_ID>101</USER_ID><GRANTS>5</GRANTS><ISINHERITABLE></ISINHERITABLE></ROW><ROW><OBJECT_ID>9150296429613324621</OBJECT_ID><ATTR_ID></ATTR_ID><USER_ID>101</USER_ID><GRANTS>5</GRANTS><ISINHERITABLE></ISINHERITABLE></ROW></NC_GRANTS><NC_PICTURES><ROW><PICTURE_ID>15554000</PICTURE_ID><NAME>Sites</NAME><URL>sites/site.gif</URL><WIDTH>80</WIDTH><HEIGHT>56</HEIGHT></ROW></NC_PICTURES><NC_LIST_VALUES></NC_LIST_VALUES><NC_REFERENCES><ROW><ATTR_ID>703</ATTR_ID><REFERENCE>9150296429613324645</REFERENCE><OBJECT_ID>9150296429613324644</OBJECT_ID><SHOW_ORDER>1</SHOW_ORDER><PRIORITY>1</PRIORITY><ATTR_ACCESS_TYPE>0</ATTR_ACCESS_TYPE></ROW></NC_REFERENCES><NC_HISTORY></NC_HISTORY><NC_COORDS></NC_COORDS></DOCUMENT>